{"pitch": [-2.91707930472997, 11.391254536985727, 207.63098600266116, 46.77559025099005], "energy": [-1.431044578552246, 8.184337615966797, 37.32621679053762, 26.044180782835717]}